time,open,close,high,low,volume,Unnamed: 0
1628623620000,2.7621,2.7662,2.7662,2.7621,1259.9376,
1628623980000,2.7668,2.7668,2.7668,2.7668,12.66091398,
1628624100000,2.761,2.7664,2.7664,2.761,0.199698,
1628624220000,2.771,2.771,2.771,2.771,0.00192055,
1628625300000,2.7706,2.7709,2.7709,2.7706,133.63389999999998,
1628625360000,2.7709,2.7816,2.7832,2.7709,2398.35516975,
1628625420000,2.7817,2.7817,2.7817,2.7817,0.39754276,
1628625600000,2.7856,2.7823,2.7856,2.7823,8.431391470000001,
1628625660000,2.7826,2.7826,2.7826,2.7826,0.02241022,
1628625720000,2.7897,2.7897,2.7897,2.7897,4.19646784,
1628625780000,2.7874,2.7915,2.7915,2.7874,4.2148789,
1628626620000,2.7814,2.7814,2.7814,2.7814,4.2106497,
1628626740000,2.7797,2.7797,2.7797,2.7797,0.37603605,
1628626800000,2.7782,2.7782,2.7782,2.7782,0.00808062,
1628626920000,2.7859,2.7859,2.7859,2.7859,0.11971049,
1628627400000,2.7748,2.7811,2.7811,2.774,21.48869101,
1628628420000,2.791,2.791,2.791,2.791,4.19615894,
1628628480000,2.789,2.789,2.789,2.789,0.04687228,
1628628600000,2.7907,2.7907,2.7907,2.7907,0.00944233,
1628628720000,2.7921,2.7921,2.7921,2.7921,0.00755495,
1628629500000,2.7913,2.7927,2.7927,2.7913,25.18163376,
1628629560000,2.8013,2.8018,2.8018,2.8013,100.0,
1628630880000,2.7959,2.7959,2.7959,2.7959,8.37231834,
1628630940000,2.7937,2.7937,2.7937,2.7937,0.02767901,
1628631000000,2.7908,2.7908,2.7908,2.7908,0.29914194,
1628631060000,2.7897,2.7897,2.7897,2.7897,0.02402023,
1628631120000,2.7969,2.8027,2.8027,2.7969,20.87764732,
1628633640000,2.8027,2.8027,2.8027,2.8027,35.0,
1628634240000,2.7908,2.7898,2.7908,2.7898,309.31123943,
1628634360000,2.7928,2.7928,2.7928,2.7928,0.47692404,
1628636100000,2.7778,2.7778,2.7778,2.7778,4.21252096,
1628636160000,2.772,2.772,2.772,2.772,0.55893286,
1628636220000,2.7754,2.7754,2.7754,2.7754,0.09873875,
1628636280000,2.77,2.77,2.77,2.77,0.08998992,
1628636340000,2.7672,2.7672,2.7672,2.7672,0.00957225,
1628636400000,2.7724,2.7724,2.7724,2.7724,0.30864333,
1628637720000,2.7771,2.7776,2.7776,2.7771,12.644599240000002,
1628638440000,2.7818,2.7837,2.7837,2.7818,219.20856417,
1628640240000,2.7845,2.7863,2.7863,2.7845,62.00379296,
1628640420000,2.7932,2.7932,2.7932,2.7932,0.00852618,
1628641260000,2.7994,2.7994,2.7994,2.7994,6.45333,
1628641320000,2.7931,2.7877,2.7932,2.7877,91.03441041,
1628641440000,2.7902,2.7902,2.7902,2.7902,0.10033685,
1628641560000,2.787,2.79,2.79,2.787,0.03785678,
1628641680000,2.797,2.797,2.797,2.797,62.0,
1628641740000,2.7964,2.7964,2.7964,2.7964,0.37083417,
1628641800000,2.8099,2.8099,2.8099,2.8099,0.00281914,
1628641860000,2.8065,2.8065,2.8065,2.8065,0.47447744,
1628642160000,2.794,2.794,2.794,2.794,8.37078859,
1628642220000,2.7958,2.7958,2.7958,2.7958,0.46081622,
1628643240000,2.8156,2.8156,2.8156,2.8156,4.16066584,
1628644020000,2.8137,2.8168,2.8168,2.8137,4.23161173,
1628644440000,2.8243,2.8243,2.8243,2.8243,1.45867252,
1628644560000,2.8262,2.8262,2.8262,2.8262,0.03464589,
1628644680000,2.8311,2.8311,2.8311,2.8311,0.00874777,
1628644800000,2.8324,2.8324,2.8324,2.8324,0.02250584,
1628644920000,2.8385,2.8386,2.8386,2.8385,65.17,
1628645040000,2.8389,2.8389,2.8389,2.8389,0.02833938,
1628645460000,2.8413,2.8413,2.8413,2.8413,4.12344716,
1628645520000,2.8415,2.841,2.8415,2.841,71.42999999999999,
1628646300000,2.8353,2.834,2.8353,2.834,3.77694631,
1628646360000,2.8307,2.8307,2.8307,2.8307,0.2548975,
1628646420000,2.8287,2.8287,2.8287,2.8287,0.0210631,
1628646480000,2.8283,2.8283,2.8283,2.8283,0.19383302,
1628646540000,2.8279,2.8279,2.8279,2.8279,0.01101664,
1628646600000,2.8296,2.8296,2.8296,2.8296,0.02932093,
1628646720000,2.8325,2.8289,2.8325,2.8289,250.0132972,
1628646840000,2.832,2.8326,2.8326,2.832,0.14823153,
1628648220000,2.8414,2.8431,2.8431,2.8414,904.86875418,
1628650440000,2.8125,2.8125,2.8125,2.8125,315.0,
1628650560000,2.8133,2.8103,2.8133,2.8103,1.2588744,
1628650680000,2.8128,2.8128,2.8128,2.8128,0.08160488,
1628650740000,2.8139,2.8139,2.8139,2.8139,0.00232206,
1628652720000,2.8231,2.8231,2.8231,2.8231,179.64,
1628654280000,2.8299,2.8299,2.8299,2.8299,3.955,
1628654400000,2.8272,2.8272,2.8272,2.8272,0.03128015,
1628654460000,2.8308,2.8308,2.8308,2.8308,0.09894065,
1628654580000,2.828,2.828,2.828,2.828,0.00412876,
1628654700000,2.8364,2.8364,2.8364,2.8364,0.01285365,
1628656920000,2.8285,2.8309,2.8309,2.8285,2.82869686,
1628656980000,2.8316,2.8316,2.8316,2.8316,0.0251726,
1628657160000,2.8395,2.8395,2.8395,2.8395,0.00320922,
1628657220000,2.8429,2.8429,2.8429,2.8429,0.28806596,
1628657340000,2.845,2.845,2.845,2.845,0.12348496,
1628657460000,2.8507,2.8507,2.8507,2.8507,319.10796799,
1628658540000,2.8509,2.8509,2.8509,2.8509,274.0,
1628658600000,2.8554,2.8554,2.8554,2.8554,4.09453813,
1628658720000,2.8639,2.8647,2.8647,2.8639,70.68,
1628659380000,2.8805,2.8805,2.8805,2.8805,250.0,
1628660100000,2.8829,2.8829,2.8829,2.8829,12.18197631,
1628660280000,2.8906,2.8912,2.8912,2.8906,31.47902976,
1628660400000,2.8939,2.8939,2.8939,2.8939,0.29195035,
1628660460000,2.8939,2.8939,2.8939,2.8939,0.01185931,
1628661540000,2.8996,2.9,2.9,2.8996,1603.9923965,
1628661600000,2.9069,2.9069,2.9069,2.9069,0.02671196,
1628661780000,2.9101,2.9101,2.9101,2.9101,0.03008003,
1628662740000,2.9094,2.9099,2.9099,2.9094,7.089824999999999,
1628662980000,2.9189,2.9189,2.9189,2.9189,0.00692441,
1628663100000,2.925,2.925,2.925,2.925,0.31065894,
1628663160000,2.932,2.932,2.932,2.932,3.98950166,
1628663460000,2.9262,2.9262,2.9262,2.9262,11.93509533,
1628663520000,2.9345,2.9345,2.9345,2.9345,1.63422299,
1628663580000,2.9277,2.9277,2.9277,2.9277,0.01067823,
1628664060000,2.9052,2.9031,2.9052,2.9031,24.081622000000003,
1628664120000,2.8978,2.8858,2.8981,2.8858,312.09623458,
1628664180000,2.8925,2.8993,2.8993,2.8925,819.7648242299999,
1628664240000,2.9057,2.9026,2.9057,2.9017,20.28664389,
1628664300000,2.9094,2.9094,2.9094,2.9094,750.0,
1628664480000,2.9033,2.9033,2.9033,2.9033,8.04545011,
1628664540000,2.9036,2.9053,2.9053,2.9036,16.11694862,
1628664600000,2.9091,2.9091,2.9091,2.9091,0.14424756,
1628664840000,2.9212,2.9264,2.9264,2.9212,27.98860251,
1628665200000,2.9214,2.9265,2.9265,2.9214,11.99755622,
1628665440000,2.9433,2.9433,2.9433,2.9433,7.93587458,
1628665500000,2.9438,2.9459,2.9459,2.9438,15.88828961,
1628665620000,2.9311,2.9311,2.9311,2.9311,0.08917433,
1628665680000,2.9307,2.9284,2.9307,2.9284,19.93919137,
1628665740000,2.9316,2.9316,2.9316,2.9316,0.60326578,
1628665800000,2.9329,2.9329,2.9329,2.9329,3.98964256,
1628666220000,2.9319,2.9319,2.9319,2.9319,3.98276005,
1628666280000,2.9314,2.9314,2.9314,2.9314,4.50833934,
1628666400000,2.9302,2.9302,2.9302,2.9302,0.05188454,
1628666520000,2.9344,2.9344,2.9344,2.9344,0.04154588,
1628668140000,2.9302,2.9302,2.9302,2.9302,3.9893827,
1628668260000,2.9231,2.9163,2.9231,2.9163,8.622338769999999,
1628668440000,2.9337,2.9337,2.9337,2.9337,7.97826365,
1628669760000,2.908,2.908,2.908,2.908,4.02566624,
1628669880000,2.911,2.911,2.911,2.911,0.89586396,
1628670720000,2.8954,2.894,2.8954,2.894,24.15234662,
1628670780000,2.896,2.896,2.896,2.896,0.60010498,
1628671620000,2.9011,2.9011,2.9011,2.9011,4.0356327,
1628671740000,2.9055,2.9028,2.9055,2.9028,2082.54651741,
1628671860000,2.896,2.896,2.896,2.896,12.1096952,
1628671980000,2.8962,2.898,2.898,2.8962,0.27028081,
1628673660000,2.8834,2.8849,2.8849,2.8834,36.53682248,
1628673720000,2.8851,2.8887,2.8908,2.8851,24.84416822,
1628675100000,2.9168,2.9207,2.9207,2.9168,1106.0,
1628677200000,2.9358,2.9358,2.9358,2.9358,3.98208132,
1628677380000,2.9304,2.9304,2.9304,2.9304,7.98171494,
1628677500000,2.9272,2.9272,2.9272,2.9272,0.18666352,
1628677620000,2.9134,2.9134,2.9134,2.9134,8.02096607,
1628677680000,2.9103,2.9103,2.9103,2.9103,0.59216255,
1628677800000,2.91,2.91,2.91,2.91,0.01343635,
1628677860000,2.9061,2.9061,2.9061,2.9061,0.11926276,
1628677920000,2.9075,2.9075,2.9075,2.9075,0.01824981,
1628677980000,2.9108,2.9108,2.9108,2.9108,0.08787116,
1628681340000,2.9469,2.9469,2.9469,2.9469,3.968542,
1628681460000,2.9498,2.9498,2.9498,2.9498,0.15466312,
1628681580000,2.9517,2.9517,2.9517,2.9517,7.91970679,
1628681700000,2.9496,2.9496,2.9496,2.9496,0.11633588,
1628682420000,2.9249,2.9249,2.9249,2.9249,3.99920826,
1628682540000,2.9177,2.9177,2.9177,2.9177,0.85141609,
1628682600000,2.9069,2.9069,2.9069,2.9069,0.03100546,
1628682660000,2.907,2.907,2.907,2.907,0.62957929,
1628682780000,2.912,2.912,2.912,2.912,0.04636128,
1628682840000,2.9136,2.9145,2.9145,2.9136,20.1018,
1628683800000,2.9066,2.9107,2.9107,2.9059,65.28176219,
1628685240000,2.9157,2.9157,2.9157,2.9157,4.02269792,
1628685300000,2.9214,2.9214,2.9214,2.9214,0.02165146,
1628685660000,2.9303,2.9303,2.9303,2.9303,4.00581031,
1628685780000,2.9322,2.9322,2.9322,2.9322,0.03820711,
1628685900000,2.9353,2.9353,2.9353,2.9353,0.00812654,
1628686020000,2.9481,2.9481,2.9481,2.9481,0.01323649,
1628686440000,2.9599,2.9765,2.9775,2.9599,1968.37123844,
1628686860000,2.9857,2.9857,2.9857,2.9857,7.83295396,
1628686920000,2.9952,2.9952,2.9952,2.9952,315.0,
1628686980000,2.9981,2.9984,2.9984,2.9981,318.91209909,
1628687100000,3.0029,3.0031,3.0031,3.0029,322.80951035,
1628687160000,3.0134,3.0134,3.0134,3.0134,0.10232687,
1628687220000,3.0154,3.0154,3.0154,3.0154,0.05447335,
1628687280000,3.0169,3.0169,3.0169,3.0169,49.9999,
1628689140000,3.0159,3.0159,3.0159,3.0159,45.9999,
1628689200000,3.0159,3.0159,3.0159,3.0159,0.0001,
1628689260000,3.0377,3.0377,3.0377,3.0377,0.00403905,
1628689560000,3.0736,3.0736,3.0736,3.0736,250.0,
1628689620000,3.0649,3.0634,3.0649,3.0634,22.8673,
1628689920000,3.0425,3.0425,3.0425,3.0425,150.0,
1628689980000,3.0395,3.0395,3.0395,3.0395,0.7704439399999999,
1628690100000,3.0464,3.0473,3.0473,3.0464,19.2211,
1628690160000,3.046,3.046,3.046,3.046,0.15610018,
1628690280000,3.061,3.061,3.061,3.061,0.00514701,
1628690580000,3.0646,3.0646,3.0646,3.0646,150.0,
1628691240000,3.0684,3.0684,3.0684,3.0684,3.81608629,
1628691600000,3.0638,3.0638,3.0638,3.0638,1428.0524,
1628691660000,3.071,3.0644,3.071,3.0644,50.14753444,
1628691840000,3.077,3.077,3.077,3.077,0.02577366,
1628692440000,3.0764,3.076,3.0773,3.076,19.07048432,
1628692500000,3.0778,3.0779,3.0779,3.0778,123.9999,
1628692560000,3.0768,3.0779,3.0783,3.0768,329.18118514,
1628693460000,3.0832,3.0846,3.0846,3.0832,22.82142882,
1628693520000,3.0762,3.0762,3.0762,3.0762,0.02632249,
1628693640000,3.0765,3.0765,3.0765,3.0765,0.26691552,
1628693760000,3.0664,3.0664,3.0664,3.0664,0.023856,
1628693880000,3.0718,3.0718,3.0718,3.0718,0.32280749,
1628694000000,3.069,3.069,3.069,3.069,0.02106829,
1628694060000,3.0684,3.0684,3.0684,3.0684,7.63749727,
1628694120000,3.0668,3.0616,3.0668,3.0588,11.63605653,
1628694240000,3.0604,3.059,3.0604,3.059,10.40942669,
1628694360000,3.0616,3.0616,3.0616,3.0616,0.0450898,
1628694540000,3.0562,3.0562,3.0562,3.0562,0.08370538,
1628695080000,3.0581,3.0581,3.0581,3.0581,3.83178568,
1628695200000,3.0612,3.0612,3.0612,3.0612,0.00747098,
1628695260000,3.0619,3.0619,3.0619,3.0619,0.09984499,
1628695800000,3.0646,3.0709,3.0709,3.0646,2471.11363501,
1628695980000,3.0662,3.0662,3.0662,3.0662,0.01678042,
1628696040000,3.0711,3.0711,3.0711,3.0711,0.1505011,
1628696160000,3.0675,3.0675,3.0675,3.0675,0.15689518,
1628696280000,3.0782,3.0782,3.0782,3.0782,0.11522108,
1628696700000,3.0915,3.0921,3.0921,3.0915,10.87108,
1628696820000,3.0834,3.0834,3.0834,3.0834,0.05366879,
1628696940000,3.0871,3.0871,3.0871,3.0871,0.27513372,
1628697060000,3.069,3.069,3.069,3.069,0.01428494,
1628697120000,3.0712,3.073,3.073,3.0712,313.026072,
1628697180000,3.0618,3.0618,3.0618,3.0618,0.44814012,
1628697300000,3.0571,3.0571,3.0571,3.0571,0.35891086,
1628697420000,3.0542,3.0542,3.0542,3.0542,0.15139773,
1628697600000,3.0566,3.0566,3.0566,3.0566,0.09364807,
1628697780000,3.0421,3.0406,3.0421,3.0406,23.06423431,
1628697840000,3.0416,3.0416,3.0416,3.0416,0.57836853,
1628697960000,3.0419,3.0428,3.0428,3.0419,19.2684831,
1628699880000,3.0768,3.0812,3.0812,3.0768,11.41913453,
1628700360000,3.0956,3.0956,3.0956,3.0956,3.79330296,
1628700660000,3.0838,3.0823,3.0838,3.08,19.54691926,
1628700720000,3.0756,3.0756,3.0756,3.0756,3.80826391,
1628700840000,3.0647,3.0669,3.0669,3.0647,0.16602233,
1628700960000,3.0777,3.0777,3.0777,3.0777,0.27809792,
1628701560000,3.0799,3.0799,3.0799,3.0799,3.81324545,
1628702220000,3.0706,3.0758,3.0758,3.0706,0.05993344,
1628702280000,3.0758,3.0758,3.0758,3.0758,0.14956381,
1628702760000,3.0613,3.0613,3.0613,3.0613,2.0,
1628702880000,3.0646,3.0593,3.0646,3.0593,3.50798023,
1628703000000,3.0643,3.0643,3.0643,3.0643,0.06438875,
1628703780000,3.066,3.066,3.066,3.066,2.0,
1628704500000,3.0712,3.0712,3.0712,3.0712,3.81481334,
1628704620000,3.0667,3.0667,3.0667,3.0667,0.0202946,
1628704740000,3.065,3.065,3.065,3.065,0.01755863,
1628704800000,3.0646,3.0646,3.0646,3.0646,0.05453246,
1628704860000,3.0637,3.0637,3.0637,3.0637,0.00821167,
1628704920000,3.0655,3.0655,3.0655,3.0655,0.04174213,
1628707920000,3.0413,3.0439,3.0439,3.0411,342.91847724,
1628707980000,3.0416,3.0416,3.0416,3.0416,0.69795917,
1628708100000,3.0345,3.0418,3.0418,3.0345,0.3088309899999999,
1628708520000,3.0457,3.0457,3.0457,3.0457,3.85208111,
1628708580000,3.0497,3.0497,3.0497,3.0497,7.69077687,
1628710080000,3.0491,3.0491,3.0491,3.0491,3.84772369,
1628710200000,3.0578,3.0578,3.0578,3.0578,0.02592464,
1628712180000,3.0602,3.0592,3.0602,3.0592,19.07565793,
1628713020000,3.0562,3.0583,3.0583,3.0562,284.2702291,
1628713080000,3.0715,3.0715,3.0715,3.0715,0.02900431,
1628713260000,3.0642,3.0616,3.0642,3.0616,7.88391421,
1628713320000,3.0571,3.0558,3.0571,3.0558,11.50641498,
1628713380000,3.055,3.055,3.055,3.055,0.27048626,
1628713500000,3.0568,3.0568,3.0568,3.0568,0.02583817,
1628713740000,3.0538,3.052,3.0538,3.052,72.50731892,
1628713800000,3.0525,3.0487,3.0525,3.0487,0.15785652,
1628713920000,3.0459,3.0459,3.0459,3.0459,0.13615172,
1628714040000,3.0455,3.0509,3.0509,3.0455,7.81451065,
1628714160000,3.0476,3.0476,3.0476,3.0476,0.02135819,
1628714280000,3.0527,3.055,3.055,3.0527,0.1200561,
1628715420000,3.0344,3.0335,3.0344,3.0335,80.32609441,
1628715480000,3.0333,3.0333,3.0333,3.0333,0.69950562,
1628715600000,3.029,3.029,3.029,3.029,0.00655358,
1628715660000,3.0264,3.0264,3.0264,3.0264,7.74676162,
1628715720000,3.0297,3.0297,3.0297,3.0297,0.22662894,
1628715900000,3.0109,3.01,3.0109,3.01,19.43698909,
1628715960000,3.0078,3.0078,3.0078,3.0078,0.65134047,
1628716020000,3.0,2.9945,3.0,2.9716,8565.449697,
1628716080000,2.9978,3.0131,3.0131,2.9978,27.73060916,
1628716140000,3.0167,3.0094,3.0167,3.0094,973.86877332,
1628716200000,3.0008,3.0105,3.0105,3.0004,211.722917,
1628716260000,2.9995,2.9964,2.9995,2.9964,23.4390768,
1628716320000,3.0034,3.0034,3.0034,3.0034,0.02508871,
1628716380000,3.0067,3.0067,3.0067,3.0067,0.23676336,
1628716440000,3.003,3.003,3.003,3.003,0.01542809,
1628716500000,3.0049,3.0049,3.0049,3.0049,0.0133721,
1628716560000,2.9824,2.9824,2.9824,2.9824,11.77412798,
1628716620000,2.9896,2.9896,2.9896,2.9896,0.69351197,
1628716680000,2.9901,2.9901,2.9901,2.9901,0.06259011,
1628716800000,2.988,2.9939,2.9939,2.988,3.91550821,
1628717340000,3.0036,3.0057,3.0057,3.0036,19.5240469,
1628717400000,2.9991,2.9991,2.9991,2.9991,0.34494093,
1628717520000,3.0158,3.0133,3.0158,3.0133,49.33595505,
1628717580000,3.0212,3.0221,3.0221,3.0212,19.431576,
1628717640000,3.0362,3.0362,3.0362,3.0362,1.1,
1628718240000,3.0471,3.0471,3.0471,3.0471,3.84751679,
1628718300000,3.0456,3.0456,3.0456,3.0456,0.35523633,
1628718360000,3.0459,3.0459,3.0459,3.0459,0.03735786,
1628718420000,3.0468,3.0468,3.0468,3.0468,0.03898404,
1628718480000,3.0431,3.0431,3.0431,3.0431,0.00475249,
1628718600000,3.051,3.047,3.051,3.047,0.10768663,
1628718720000,3.0475,3.0475,3.0475,3.0475,0.01581258,
1628718840000,3.0378,3.0378,3.0378,3.0378,0.00197884,
1628718960000,3.0388,3.0388,3.0388,3.0388,7.71932558,
1628719140000,3.0356,3.0356,3.0356,3.0356,3.86507691,
1628719200000,3.0332,3.0332,3.0332,3.0332,0.10459508,
1628719500000,3.024,3.009,3.024,3.009,1506.60672118,
1628719620000,3.0106,3.0106,3.0106,3.0106,0.79946617,
1628719860000,3.0011,2.9988,3.0011,2.9988,12.06021196,
1628719980000,2.9993,2.9993,2.9993,2.9993,0.056966,
1628720100000,2.9897,2.9928,2.9928,2.9866,27.8673452,
1628720580000,2.9617,2.9617,2.9617,2.9617,24.65,
1628720640000,2.9633,2.9633,2.9633,2.9633,119.88,
1628720760000,2.9595,2.9479,2.9595,2.9479,1061.86550382,
1628721060000,2.9638,2.9638,2.9638,2.9638,3.95936975,
1628721300000,2.9571,2.9571,2.9571,2.9571,7.93007191,
1628721660000,2.9637,2.9637,2.9637,2.9637,3.95862963,
1628721780000,2.9516,2.9486,2.9516,2.9486,11.89875024,
1628721900000,2.9459,2.9459,2.9459,2.9459,7.95669443,
1628722020000,2.9616,2.9616,2.9616,2.9616,0.01142319,
1628722140000,2.9486,2.9486,2.9486,2.9486,0.06613215,
1628722260000,2.9443,2.945,2.945,2.9443,4.65335259,
1628722620000,2.9606,2.9621,2.9621,2.9606,11.89512625,
1628722680000,2.9528,2.9528,2.9528,2.9528,0.07203913,
1628723040000,2.9727,2.9654,2.9753,2.9654,1707.35006405,
1628723160000,2.9739,2.9857,2.9857,2.9739,11.87319663,
1628723220000,2.984,2.9982,3.0009,2.984,5511.48651105,
1628723280000,2.9936,2.9936,2.9936,2.9936,61.0,
1628723340000,2.9944,2.9888,2.9944,2.9888,259.66598447,
1628723400000,2.9849,2.9821,2.9849,2.9821,133.7714396,
1628723460000,2.9886,2.9886,2.9886,2.9886,0.43575069,
1628723580000,2.9794,2.9793,2.9794,2.9793,68.87511705,
1628723640000,2.9751,2.9739,2.9751,2.9739,121.9999,
1628723700000,2.9676,2.9676,2.9676,2.9676,0.02239807,
1628723820000,2.9719,2.9719,2.9719,2.9719,0.21523693,
1628723940000,2.9617,2.9721,2.9721,2.9617,61.20240142,
1628724060000,2.9621,2.9621,2.9621,2.9621,0.35623519,
1628724120000,2.9615,2.9615,2.9615,2.9615,3.95867213,
1628724180000,2.954,2.9562,2.9562,2.953,73.25467816,
1628724240000,2.9562,2.9562,2.9562,2.9562,0.04342549,
1628724300000,2.9479,2.9426,2.9479,2.9426,1100.57275519,
1628724360000,2.9577,2.9577,2.9577,2.9577,0.65392329,
1628724480000,2.9473,2.9469,2.9473,2.9459,12.52168495,
1628725140000,2.9568,2.9568,2.9568,2.9568,61.0,
1628725260000,2.9565,2.9565,2.9565,2.9565,0.04175469,
1628725380000,2.9671,2.9685,2.9685,2.9671,0.01160854,
1628725560000,2.9508,2.9493,2.9508,2.9493,221.0,
1628725620000,2.9512,2.9512,2.9512,2.9512,0.08059398,
1628725800000,2.9517,2.9517,2.9517,2.9517,0.00760024,
1628725860000,2.9504,2.9504,2.9504,2.9504,3.97683494,
1628725920000,2.9518,2.9518,2.9518,2.9518,0.00295455,
1628726040000,2.9575,2.9634,2.9634,2.9575,1422.11600769,
1628726220000,2.9584,2.9578,2.9584,2.9578,11.88629,
1628726280000,2.9545,2.9474,2.9545,2.9474,61.3438523,
1628726400000,2.9325,2.9354,2.9354,2.9277,974.71987036,
1628726520000,2.9531,2.9535,2.9535,2.9531,15.86874822,
1628726580000,2.9559,2.9578,2.9578,2.9557,19.83361952,
1628726640000,2.973,2.9779,2.9779,2.973,1949.45,
1628727840000,2.9902,2.9902,2.9902,2.9902,3.91917395,
1628728260000,2.978,2.9734,2.978,2.9734,8062.76554824,
1628728320000,2.9687,2.9687,2.9687,2.9687,0.06944053,
1628728440000,2.9684,2.9684,2.9684,2.9684,0.01956751,
1628728560000,2.9552,2.9552,2.9552,2.9552,3.96339278,
1628728620000,2.9582,2.9582,2.9582,2.9582,0.46396855,
1628729100000,2.9732,2.98,2.98,2.9732,1108.38318194,
1628729220000,2.9841,2.9841,2.9841,2.9841,0.02072641,
1628729400000,2.981,2.981,2.981,2.981,0.01694383,
1628731260000,3.0233,3.0249,3.0249,3.0233,23.27766211,
1628731380000,3.0214,3.0208,3.0214,3.0208,11.62651829,
1628731440000,3.0229,3.0229,3.0229,3.0229,0.13528786,
1628731620000,3.0356,3.0356,3.0356,3.0356,7.72601701,
1628731920000,3.0354,3.0354,3.0354,3.0354,50.0,
1628731980000,3.0445,3.0445,3.0445,3.0445,0.00654452,
1628732460000,3.0352,3.0367,3.0367,3.0352,4.34228034,
1628732520000,3.0369,3.0369,3.0369,3.0369,0.03100517,
1628732760000,3.034,3.0331,3.034,3.0331,19.31696739,
1628732820000,3.0322,3.0288,3.0322,3.0288,3.88243411,
1628732880000,3.0265,3.0265,3.0265,3.0265,0.26551673,
1628732940000,3.0351,3.0351,3.0351,3.0351,0.0264225,
1628733420000,3.0403,3.0403,3.0403,3.0403,3.85139027,
1628733480000,3.042,3.0411,3.042,3.0411,19.24567339,
1628734320000,3.0303,3.0332,3.0332,3.0303,3.91024105,
1628734380000,3.0346,3.0346,3.0346,3.0346,0.25822799,
1628736120000,3.0485,3.0492,3.0492,3.0485,15.37451431,
1628736360000,3.0584,3.0584,3.0584,3.0584,7.66989751,
1628736420000,3.0561,3.0561,3.0561,3.0561,137.70212072,
1628736480000,3.0499,3.0566,3.0566,3.0499,1640.16475588,
1628736540000,3.0456,3.0456,3.0456,3.0456,3.84691687,
1628736600000,3.0534,3.0534,3.0534,3.0534,0.13957832,
1628736660000,3.0541,3.0541,3.0541,3.0541,0.01260042,
1628739180000,3.0299,3.0299,3.0299,3.0299,3.87098058,
1628739240000,3.0327,3.0327,3.0327,3.0327,0.78851831,
1628739300000,3.0346,3.0346,3.0346,3.0346,0.08490992,
1628740320000,3.0193,3.0175,3.0193,3.0175,46.549293590000005,
1628740380000,3.0186,3.0186,3.0186,3.0186,0.56306086,
1628740500000,3.0132,3.0066,3.0132,3.0066,0.1006027,
1628740620000,3.0088,3.0099,3.0099,3.0088,0.37392943,
1628740740000,3.001,3.001,3.001,3.001,3.90934048,
1628740860000,3.0072,3.0082,3.0082,3.0072,0.33329451,
1628741460000,3.0152,3.0137,3.0152,3.0137,23.32584394,
1628741760000,2.9945,2.9945,2.9945,2.9945,7.83091575,
1628741880000,2.9857,2.9866,2.9866,2.9857,3.99943384,
1628741940000,2.9888,2.9805,2.9888,2.9805,8.76716179,
1628742000000,2.9805,2.9805,2.9805,2.9805,0.05764637,
1628742060000,2.9743,2.9726,2.9743,2.9703,3056.94713285,
1628742180000,2.9721,2.9806,2.9806,2.9721,0.05873635,
1628742300000,2.9708,2.9708,2.9708,2.9708,0.28930756,
1628742420000,2.9726,2.9724,2.9726,2.9724,0.37437356,
1628743920000,2.961,2.9624,2.9624,2.961,23.78236393,
1628743980000,2.9681,2.9681,2.9681,2.9681,0.04173557,
1628744640000,2.9598,2.9598,2.9598,2.9598,3.96205363,
1628744760000,2.9624,2.9615,2.9624,2.9615,0.23018241,
1628744940000,2.9455,2.9455,2.9455,2.9455,11.92592526,
1628745000000,2.9431,2.9431,2.9431,2.9431,91.91758154,
1628745060000,2.9418,2.9418,2.9418,2.9418,0.63651557,
1628745120000,2.9365,2.9365,2.9365,2.9365,0.00551801,
1628745180000,2.9349,2.9221,2.9349,2.9221,2117.92653206,
1628745240000,2.9188,2.9162,2.9188,2.9162,92.34,
1628745300000,2.9207,2.9374,2.9374,2.9207,4.53197262,
1628745540000,2.9137,2.9165,2.9174,2.9137,161.99593462,
1628745660000,2.9,2.8978,2.9,2.8937,21.34179819,
1628745780000,2.8777,2.881,2.8845,2.8777,12.69895088,
1628745840000,2.8681,2.8593,2.8681,2.8593,891.82696,
1628745900000,2.859,2.8469,2.859,2.8469,12.35549556,
1628745960000,2.8518,2.8518,2.8518,2.8518,1.3805529,
1628746020000,2.82,2.8197,2.82,2.8197,7.03245313,
1628746080000,2.8084,2.8267,2.8267,2.8084,5954.738,
1628746140000,2.8407,2.8407,2.8407,2.8407,4.12116731,
1628746200000,2.8446,2.8446,2.8446,2.8446,0.05035422,
1628746440000,2.8452,2.847,2.847,2.8439,16.48164096,
1628746500000,2.8256,2.8238,2.8256,2.8238,1269.1721,
1628746560000,2.8216,2.8216,2.8216,2.8216,0.09516243,
1628746620000,2.8244,2.8249,2.8249,2.8239,1222.05118579,
1628746740000,2.832,2.834,2.834,2.832,16.57245684,
1628746980000,2.8414,2.8369,2.8414,2.8369,1067.452,
1628747040000,2.8383,2.8383,2.8383,2.8383,4.13214274,
1628747220000,2.8173,2.8198,2.8198,2.8173,8.41117668,
1628747340000,2.8356,2.8356,2.8356,2.8356,0.68415076,
1628747700000,2.8591,2.8591,2.8591,2.8591,4.10287318,
1628748180000,2.8559,2.8559,2.8559,2.8559,4.10385248,
1628748240000,2.8559,2.8552,2.8559,2.8552,0.13039608,
1628748360000,2.8554,2.8554,2.8554,2.8554,0.00315483,
1628748420000,2.852,2.852,2.852,2.852,0.02540827,
1628748540000,2.8505,2.852,2.852,2.8505,0.13075276,
1628748840000,2.8363,2.8355,2.8363,2.8355,20.63597854,
1628748900000,2.8342,2.8342,2.8342,2.8342,0.7267563499999999,
1628749020000,2.8392,2.8392,2.8392,2.8392,0.00594484,
1628749380000,2.8351,2.8351,2.8351,2.8351,61.0,
1628749500000,2.8407,2.8377,2.8407,2.8377,0.16947529,
1628749620000,2.8283,2.8283,2.8283,2.8283,500.0,
1628749680000,2.824,2.824,2.824,2.824,1000.0,
1628749740000,2.8293,2.8306,2.8306,2.8293,0.54444437,
1628749800000,2.821,2.821,2.821,2.821,500.0,
1628749860000,2.8237,2.8237,2.8237,2.8237,0.11145773,
1628749980000,2.8014,2.8014,2.8014,2.8014,1513.6611,
1628750040000,2.8022,2.8022,2.8022,2.8022,95.76,
1628750100000,2.8122,2.815,2.815,2.8122,0.90408172,
1628750340000,2.8065,2.8071,2.8071,2.8065,12.52712841,
1628750400000,2.8118,2.813,2.813,2.8118,12.80794653,
1628750700000,2.8299,2.8313,2.8313,2.8299,12.4195976,
1628750880000,2.8291,2.8278,2.8318,2.8278,12.57772703,
1628751000000,2.8263,2.8263,2.8263,2.8263,0.04809535,
1628751180000,2.8215,2.8215,2.8215,2.8215,0.04813958,
1628751300000,2.8248,2.8266,2.8266,2.8248,8.3722603,
1628751360000,2.8257,2.8257,2.8257,2.8257,4.15248409,
1628751420000,2.8312,2.8338,2.8338,2.8312,0.0374920299999999,
1628751600000,2.8307,2.8316,2.8316,2.8307,150.0,
1628751720000,2.8305,2.8303,2.8305,2.8303,0.09122387,
1628751840000,2.8401,2.8405,2.8405,2.8401,12.43931096,
1628751960000,2.8443,2.8443,2.8443,2.8443,0.375517,
1628752020000,2.8542,2.8542,2.8542,2.8542,4.10756804,
1628753400000,2.8545,2.8483,2.8545,2.8467,2274.1717000000003,
1628753520000,2.8472,2.8437,2.8472,2.8437,0.24147312,
1628753640000,2.838,2.8427,2.8427,2.838,0.18896234,
1628753760000,2.8403,2.8377,2.8403,2.8377,0.05208347,
1628753880000,2.84,2.8458,2.8458,2.84,0.18482163,
1628754060000,2.8416,2.8416,2.8416,2.8416,4.128304,
1628754120000,2.8453,2.8453,2.8453,2.8453,0.15372293,
1628754180000,2.8436,2.8436,2.8436,2.8436,0.01908707,
1628754780000,2.8571,2.8585,2.8585,2.8571,24.63857434,
1628756100000,2.8638,2.8655,2.8655,2.8638,16.37168284,
1628756940000,2.8602,2.8602,2.8602,2.8602,4.09979876,
1628757000000,2.8639,2.8639,2.8639,2.8639,8.18907157,
1628757060000,2.8662,2.8662,2.8662,2.8662,0.05770566,
1628757180000,2.8613,2.8613,2.8613,2.8613,0.08293163,
1628757300000,2.8655,2.8655,2.8655,2.8655,0.17997316,
1628758260000,2.87,2.87,2.87,2.87,1000.0,
1628758320000,2.8672,2.8694,2.8694,2.8672,69.58832947,
1628758680000,2.8652,2.8671,2.8671,2.8652,49.13633526,
1628758740000,2.8685,2.8685,2.8685,2.8685,0.01027427,
1628759100000,2.8489,2.8477,2.8489,2.8477,8.95090886,
1628759160000,2.8489,2.8408,2.8489,2.8408,12.45970482,
1628759280000,2.8333,2.8354,2.8354,2.8333,0.36315195,
1628759700000,2.8103,2.8089,2.8103,2.8089,951.5746,
1628759760000,2.8079,2.8079,2.8079,2.8079,0.98480888,
1628759820000,2.8101,2.8101,2.8101,2.8101,0.12693871,
1628759880000,2.806,2.806,2.806,2.806,0.04499662,
1628759940000,2.814,2.814,2.814,2.814,0.0088622,
1628760060000,2.8338,2.8338,2.8338,2.8338,4.13848407,
1628760120000,2.8337,2.8337,2.8337,2.8337,8.27853457,
1628760540000,2.8487,2.8487,2.8487,2.8487,4.11994283,
1628760780000,2.8728,2.8762,2.8762,2.8728,70.39004539999999,
1628760900000,2.8649,2.8634,2.8649,2.8634,16.35457801,
1628760960000,2.8679,2.8679,2.8679,2.8679,0.46000818,
1628761020000,2.866,2.866,2.866,2.866,0.03697876,
1628761140000,2.8658,2.8658,2.8658,2.8658,0.00849515,
1628761860000,2.8433,2.8433,2.8433,2.8433,113.62479407,
1628761920000,2.8438,2.8449,2.8449,2.8438,0.91737981,
1628762220000,2.8506,2.8506,2.8506,2.8506,4.11784329,
1628762460000,2.8569,2.8602,2.8602,2.8569,41.0688555,
1628763060000,2.867,2.8681,2.8681,2.867,1726.3626,
1628763240000,2.878,2.8795,2.8795,2.878,100.0,
1628764860000,2.8753,2.8777,2.8777,2.8753,362.53734188,
1628764920000,2.8763,2.8763,2.8763,2.8763,0.06429343,
1628764980000,2.8788,2.8788,2.8788,2.8788,0.01419895,
1628765520000,2.8749,2.8749,2.8749,2.8749,4.07715305,
1628765580000,2.8773,2.8773,2.8773,2.8773,0.13947201,
1628765640000,2.876,2.876,2.876,2.876,0.00665506,
1628765760000,2.8746,2.8746,2.8746,2.8746,0.00577334,
1628765820000,2.8741,2.8741,2.8741,2.8741,0.05012085,
1628765880000,2.8759,2.8759,2.8759,2.8759,0.00844734,
1628766360000,2.8746,2.8746,2.8746,2.8746,4.077172,
1628766480000,2.8772,2.8772,2.8772,2.8772,0.04654241,
1628766960000,2.8611,2.8542,2.8611,2.8542,74.50517846,
1628767020000,2.8584,2.8581,2.8584,2.8581,0.91296161,
1628767140000,2.8536,2.8536,2.8536,2.8536,0.00134952,
1628767260000,2.8537,2.8537,2.8537,2.8537,0.1633047,
1628767320000,2.8587,2.8587,2.8587,2.8587,0.0198255,
1628767620000,2.8559,2.8605,2.8605,2.8559,4.20373121,
1628767920000,2.8524,2.8522,2.8536,2.8522,200.03648295,
1628768040000,2.8529,2.8529,2.8529,2.8529,0.30110145,
1628768700000,2.818,2.8166,2.818,2.8146,291.06625976,
1628768820000,2.8228,2.8228,2.8228,2.8228,1.33706214,
1628769120000,2.8222,2.8216,2.8222,2.8216,12.45945305,
1628769180000,2.8185,2.8169,2.8185,2.8169,20.77451389,
1628769240000,2.8233,2.8233,2.8233,2.8233,0.02726828,
1628769540000,2.8051,2.8043,2.8051,2.8043,20.84723217,
1628769600000,2.8068,2.8068,2.8068,2.8068,0.08819205,
1628769720000,2.8145,2.8145,2.8145,2.8145,4.16479712,
1628770260000,2.8231,2.8231,2.8231,2.8231,4.1478273,
1628770320000,2.8312,2.8312,2.8312,2.8312,8.2823244,
1628770920000,2.8077,2.8091,2.8091,2.8077,25.08266354,
1628770980000,2.8071,2.8071,2.8071,2.8071,0.82245324,
1628771160000,2.7979,2.7979,2.7979,2.7979,0.11144125,
1628771220000,2.7828,2.7828,2.7828,2.7828,12.58126379,
1628771280000,2.7792,2.7792,2.7792,2.7792,0.1143204,
1628771340000,2.7774,2.7789,2.7791,2.776,277.48,
1628771400000,2.7757,2.7733,2.7757,2.7733,0.24824469,
1628771460000,2.784,2.784,2.784,2.784,12.62542274,
1628772300000,2.7846,2.7846,2.7846,2.7846,5121.1611,
1628772420000,2.7821,2.7821,2.7821,2.7821,500.0,
1628772480000,2.7794,2.776,2.7794,2.7724,521.06939772,
1628772540000,2.777,2.7848,2.7848,2.777,325.31072057,
1628772600000,2.792,2.792,2.792,2.792,12.60996143,
1628773260000,2.7861,2.7837,2.7861,2.7837,4.229782999999999,
1628773320000,2.7848,2.7848,2.7848,2.7848,0.31607995,
1628773380000,2.774,2.774,2.774,2.774,0.00615758,
1628773440000,2.7707,2.7707,2.7707,2.7707,0.37179157,
1628773500000,2.7763,2.7763,2.7763,2.7763,0.06715725,
1628773740000,2.7858,2.7858,2.7858,2.7858,4.20901488,
1628773800000,2.7896,2.7896,2.7896,2.7896,8.40820044,
1628775360000,2.804,2.804,2.804,2.804,150.17657934,
1628775720000,2.8062,2.8062,2.8062,2.8062,50.0,
1628776800000,2.7831,2.7686,2.7831,2.7676,1601.40818709,
1628776920000,2.7743,2.7743,2.7743,2.7743,0.17785511,
1628777160000,2.7756,2.7756,2.7756,2.7756,4.22032059,
1628778480000,2.7385,2.7385,2.7385,2.7385,902.19558457,
1628778540000,2.74,2.74,2.74,2.74,1.42451654,
1628778600000,2.7415,2.7415,2.7415,2.7415,0.1720283,
1628779260000,2.7457,2.7457,2.7457,2.7457,34.965,
1628779320000,2.7529,2.7529,2.7529,2.7529,4.25477991,
1628779860000,2.7476,2.7481,2.7481,2.7476,12.77693242,
1628779920000,2.745,2.7434,2.745,2.7434,0.32842792,
1628780040000,2.7455,2.7455,2.7455,2.7455,0.02291044,
1628780160000,2.728,2.728,2.728,2.728,1596.6774,
1628780220000,2.7287,2.7287,2.7287,2.7287,0.68192317,
1628780280000,2.7292,2.7311,2.7311,2.7292,34.37059621,
1628780340000,2.7424,2.7402,2.7457,2.7402,1515.8863347299998,
1628780400000,2.7357,2.7357,2.7357,2.7357,12.86207797,
1628780820000,2.7381,2.7381,2.7381,2.7381,4.2721078,
1628781420000,2.7567,2.7573,2.7573,2.7567,12.75211278,
1628781600000,2.75,2.75,2.75,2.75,8.50226148,
1628781660000,2.7466,2.7466,2.7466,2.7466,0.28097608,
1628781720000,2.7486,2.7486,2.7486,2.7486,0.03538046,
1628781780000,2.7551,2.7556,2.7556,2.7551,4.30719831,
1628781840000,2.7562,2.7562,2.7562,2.7562,0.00680677,
1628782440000,2.7487,2.7487,2.7487,2.7487,4.26716389,
1628782560000,2.7565,2.7565,2.7565,2.7565,0.32530735,
1628784120000,2.7387,2.7326,2.7387,2.7326,12.818752969999998,
1628784180000,2.7274,2.7237,2.7274,2.7236,1653.55477548,
1628784240000,2.7412,2.7381,2.7412,2.7381,0.75150839,
1628784360000,2.7453,2.7452,2.7453,2.7452,8.6369126,
1628784420000,2.751,2.7535,2.7535,2.751,29.83342199,
1628784840000,2.7418,2.7418,2.7418,2.7418,4.27481397,
1628784900000,2.7453,2.7453,2.7453,2.7453,0.37354738,
1628785140000,2.7249,2.7318,2.7318,2.7249,9.36794357,
1628785320000,2.7261,2.7261,2.7261,2.7261,0.14097452,
1628785380000,2.7259,2.7274,2.7274,2.7259,21.50241226,
1628785440000,2.7306,2.7306,2.7306,2.7306,0.19405536,
1628785620000,2.7121,2.7121,2.7121,2.7121,4.31385125,
1628785680000,2.7122,2.7144,2.7144,2.7116,13.79261682,
1628785740000,2.7155,2.7155,2.7155,2.7155,12.97375542,
1628785860000,2.7055,2.7055,2.7055,2.7055,1000.0,
1628785980000,2.7123,2.7123,2.7123,2.7123,0.44727367,
1628786280000,2.7216,2.7216,2.7216,2.7216,4.30671512,
1628786460000,2.725,2.7264,2.7264,2.725,1216.3095,
1628786580000,2.7264,2.7299,2.7299,2.7264,4.2896159,
1628786700000,2.7326,2.7333,2.7333,2.7326,25.76023891,
1628786760000,2.7359,2.7359,2.7359,2.7359,0.13298666,
1628787540000,2.7384,2.7348,2.7389,2.7343,3723.63289626,
1628787660000,2.7318,2.7328,2.7328,2.7318,0.05520712,
1628787720000,2.7356,2.7356,2.7356,2.7356,8.57312386,
1628787780000,2.7371,2.7371,2.7371,2.7371,0.03120866,
1628788380000,2.762,2.762,2.762,2.762,4.24601443,
1628789100000,2.7602,2.7594,2.7602,2.7594,21.19426608,
1628789160000,2.7561,2.7561,2.7561,2.7561,0.09956306,
1628789220000,2.7567,2.7567,2.7567,2.7567,0.02848333,
1628789340000,2.7573,2.7573,2.7573,2.7573,0.10359119,
1628792100000,2.7769,2.7769,2.7769,2.7769,1349.78527303,
1628792160000,2.7829,2.7829,2.7829,2.7829,0.74709361,
1628794500000,2.8013,2.8013,2.8013,2.8013,99.8,
1628794680000,2.8023,2.8023,2.8023,2.8023,18.0,
1628796240000,2.7903,2.7903,2.7903,2.7903,4.19759097,
1628796300000,2.79,2.7995,2.7995,2.79,0.50571321,
1628797560000,2.8,2.8,2.8,2.8,3.70118455,
1628797980000,2.7972,2.796,2.7972,2.796,16.41075739,
1628798040000,2.7963,2.7963,2.7963,2.7963,0.16789411,
1628798580000,2.7968,2.7968,2.7968,2.7968,4.18825667,
1628799300000,2.8134,2.8134,2.8134,2.8134,4.16493805,
1628801040000,2.8147,2.8147,2.8147,2.8147,4.16460087,
1628801100000,2.8078,2.8078,2.8078,2.8078,0.04791185,
1628801160000,2.8142,2.8142,2.8142,2.8142,0.0260524,
1628801460000,2.806,2.8046,2.806,2.8046,37.60242685,
1628801520000,2.8063,2.8006,2.8063,2.8006,4.53584359,
1628801640000,2.795,2.7717,2.795,2.7717,446.39757556,
1628801760000,2.793,2.793,2.793,2.793,1.01956382,
1628801820000,2.7918,2.7943,2.7943,2.7918,12.5890645,
1628801880000,2.7907,2.7907,2.7907,2.7907,0.00612149,
1628802000000,2.8054,2.8054,2.8054,2.8054,0.13473473,
1628802120000,2.782,2.7807,2.782,2.7807,1448.04426533,
1628802180000,2.7895,2.7785,2.7895,2.7785,12.71332222,
1628802240000,2.7731,2.7731,2.7731,2.7731,8.41260031,
1628802300000,2.7867,2.7867,2.7867,2.7867,0.03622023,
1628802420000,2.7799,2.7799,2.7799,2.7799,0.51362526,
1628802540000,2.7913,2.7909,2.7913,2.7909,0.28844314,
1628804640000,2.7727,2.7677,2.7727,2.7677,9.0259959,
1628804700000,2.7805,2.7805,2.7805,2.7805,0.11037788,
1628804880000,2.7636,2.7619,2.7636,2.7619,100.1023,
1628804940000,2.7712,2.7712,2.7712,2.7712,4.22247621,
1628805000000,2.7742,2.7742,2.7742,2.7742,0.04435571,
1628805480000,2.7797,2.7805,2.7805,2.7797,50.0,
1628806080000,2.7655,2.7655,2.7655,2.7655,4.23621055,
1628806140000,2.768,2.768,2.768,2.768,0.07168892,
1628806200000,2.7672,2.7596,2.7672,2.7596,76.02646893,
1628806260000,2.7659,2.7659,2.7659,2.7659,0.0284112,
1628806320000,2.7648,2.7648,2.7648,2.7648,0.08005343,
1628806860000,2.7556,2.7556,2.7556,2.7556,5.21349651,
1628806920000,2.7558,2.7558,2.7558,2.7558,0.04437775,
1628806980000,2.7539,2.7475,2.7539,2.7475,15.44420763,
1628807040000,2.75,2.75,2.75,2.75,0.03931774,
1628807100000,2.7479,2.7479,2.7479,2.7479,0.22336278,
1628807220000,2.7449,2.7449,2.7449,2.7449,0.08110524,
1628807280000,2.7461,2.7434,2.7461,2.7434,5.64056199,
1628807340000,2.7456,2.7456,2.7456,2.7456,0.17421505,
1628807760000,2.7442,2.7437,2.7442,2.7437,12.80819088,
1628807820000,2.7458,2.7458,2.7458,2.7458,0.00926909,
1628808000000,2.7394,2.7394,2.7394,2.7394,5.76342814,
1628808060000,2.7401,2.7401,2.7401,2.7401,0.03126893,
1628808120000,2.7377,2.7377,2.7377,2.7377,0.22110714,
1628808180000,2.7379,2.7379,2.7379,2.7379,0.00833038,
1628808240000,2.7533,2.7545,2.7545,2.7533,321.12317442,
1628808360000,2.7403,2.7313,2.7403,2.7313,68.3929889,
1628808420000,2.7379,2.7379,2.7379,2.7379,0.15677772,
1628808660000,2.7273,2.7273,2.7273,2.7273,6.17587685,
1628808780000,2.727,2.7278,2.7278,2.727,0.46647251,
1628809500000,2.7528,2.7528,2.7528,2.7528,4.26201016,
1628809680000,2.7623,2.7631,2.7631,2.7623,21.21883347,
1628810640000,2.7678,2.7692,2.7692,2.7623,3149.45772546,
1628810700000,2.7599,2.7599,2.7599,2.7599,1485.4603,
1628810820000,2.7748,2.7752,2.7752,2.7748,0.10344695,
1628811780000,2.7968,2.7968,2.7968,2.7968,4.19261033,
1628812140000,2.8055,2.8069,2.8069,2.8055,87.07220025,
1628812320000,2.8006,2.8006,2.8006,2.8006,3.621113,
1628812380000,2.8003,2.8043,2.8043,2.8003,0.27451415,
1628812440000,2.8045,2.8045,2.8045,2.8045,4.18207775,
1628812680000,2.809,2.809,2.809,2.809,8.33078882,
1628814000000,2.8026,2.8026,2.8026,2.8026,8.36321058,
1628814060000,2.8096,2.8096,2.8096,2.8096,0.23726317,
1628814900000,2.8169,2.8169,2.8169,2.8169,8.32856538,
1628815020000,2.8226,2.8226,2.8226,2.8226,12.47678203,
1628815620000,2.8596,2.8604,2.8604,2.8596,20.49329861,
1628819880000,2.8843,2.89,2.89,2.8843,3782.97158001,
1628820000000,2.8854,2.8895,2.8895,2.8854,1.22328735,
1628820120000,2.8873,2.8873,2.8873,2.8873,0.14557558,
1628820240000,2.8884,2.8884,2.8884,2.8884,0.08775325,
1628820420000,2.888,2.8869,2.888,2.8869,12.19054504,
1628820540000,2.8857,2.8857,2.8857,2.8857,0.05986285,
1628820660000,2.8864,2.8858,2.8864,2.8858,0.0479350699999999,
1628820720000,2.8848,2.8847,2.8848,2.8847,12.20026404,
1628820780000,2.8848,2.8848,2.8848,2.8848,0.03997637,
1628821020000,2.8844,2.8842,2.8844,2.8842,8.14878079,
1628821080000,2.8841,2.8841,2.8841,2.8841,4.06705761,
1628821140000,2.8843,2.8843,2.8843,2.8843,0.00265032,
1628821200000,2.8835,2.8835,2.8835,2.8835,0.00355826,
1628821260000,2.8836,2.8836,2.8836,2.8836,0.00265142,
1628821320000,2.8836,2.8836,2.8836,2.8836,0.02491472,
1628821380000,2.8832,2.8832,2.8832,2.8832,8.13883833,
1628821440000,2.8833,2.8833,2.8833,2.8833,0.01200756,
1628821680000,2.8868,2.8861,2.8868,2.8861,12.19496416,
1628821800000,2.8865,2.8865,2.8865,2.8865,0.00308765,
1628821920000,2.887,2.887,2.887,2.887,8.12658892,
1628822460000,2.8894,2.8863,2.8894,2.8863,24.32184221,
1628822520000,2.8843,2.8843,2.8843,2.8843,802.68683142,
1628822580000,2.8801,2.8757,2.8801,2.8755,2883.88315413,
1628822640000,2.8755,2.8755,2.8755,2.8755,0.45617074,
1628822700000,2.8771,2.8771,2.8771,2.8771,0.01243271,
1628823000000,2.8856,2.887,2.887,2.8847,1041.57260418,
1628823060000,2.888,2.8879,2.888,2.8879,37.94,
1628823300000,2.8871,2.8872,2.8901,2.8871,2283.07089184,
1628823360000,2.8872,2.8891,2.8891,2.8872,313.12876951000004,
1628823420000,2.8877,2.8877,2.8877,2.8877,110.12323324,
1628823480000,2.8877,2.8857,2.8877,2.8847,468.05153916,
1628823540000,2.8857,2.8857,2.8865,2.8857,1963.10839043,
1628823600000,2.8905,2.8911,2.8911,2.8905,12.14205871,
1628823660000,2.8884,2.8884,2.8884,2.8884,93.9592745,
1628823720000,2.8861,2.8847,2.8861,2.8847,932.23288041,
1628823780000,2.8847,2.8847,2.8847,2.8847,0.2553708699999999,
1628824920000,2.8883,2.8883,2.8883,2.8883,331.29297449,
1628825100000,2.8886,2.8886,2.8886,2.8886,152.50696999,
1628825160000,2.8886,2.8886,2.8886,2.8886,478.22432284,
1628825460000,2.8886,2.8886,2.8886,2.8886,268.51819227,
1628825520000,2.8886,2.8857,2.8886,2.8857,180.26740039,
1628825580000,2.8857,2.8932,2.8932,2.8857,4657.6286195,
1628826180000,2.8998,2.9056,2.9056,2.8998,1435.693851,
1628826240000,2.9057,2.9057,2.9057,2.9057,12.12883856,
1628826540000,2.899,2.8974,2.899,2.8974,12.14309436,
1628826600000,2.8969,2.8968,2.8969,2.8968,0.33026486,
1628826660000,2.896,2.896,2.896,2.896,12.15163691,
1628826720000,2.895,2.895,2.895,2.8949,12.21237178,
1628826780000,2.8946,2.8911,2.8946,2.8911,887.94352682,
1628826840000,2.8899,2.8891,2.8901,2.8891,1005.68809008,
1628826900000,2.8892,2.8892,2.8892,2.8892,974.199474,
1628826960000,2.8886,2.8886,2.8886,2.8886,0.03190696,
1628827080000,2.8892,2.8892,2.8892,2.8892,0.02128236,
1628827680000,2.8866,2.8811,2.8866,2.8811,1754.66984583,
1628827740000,2.8768,2.8819,2.8831,2.8768,2.46455164,
1628827860000,2.8806,2.8831,2.8831,2.8806,478.98626471,
1628827920000,2.8789,2.8768,2.8789,2.8768,396.82223243,
1628827980000,2.8681,2.8681,2.8681,2.8681,0.13574516,
1628828100000,2.8758,2.8758,2.8758,2.8758,0.31213948,
1628828160000,2.8807,2.8807,2.8807,2.8807,0.00444211,
1628829600000,2.887,2.8885,2.8885,2.8869,741.32844057,
1628829960000,2.8895,2.8895,2.8895,2.8895,411.53105726,
1628830020000,2.8901,2.8901,2.8901,2.8901,576.43718678,
1628830440000,2.8848,2.8848,2.8848,2.8848,505.26021561,
1628830500000,2.8848,2.8856,2.8856,2.8848,79.88794610000001,
1628830560000,2.8888,2.8916,2.8916,2.8888,284.46445556,
1628830740000,2.8885,2.8885,2.8885,2.8885,108.01013169,
1628830860000,2.8964,2.8964,2.8964,2.8964,0.10987136,
1628830980000,2.888,2.888,2.888,2.888,356.81093741,
1628831040000,2.888,2.8855,2.8884,2.8855,1378.88655516,
1628831100000,2.8871,2.8876,2.8876,2.8871,96.20918855,
1628831160000,2.8876,2.8876,2.8876,2.8876,86.67008918,
1628831280000,2.8874,2.8874,2.8874,2.8874,86.67399999,
1628831340000,2.8941,2.8941,2.8941,2.8941,0.007101,
1628831460000,2.8877,2.8878,2.8878,2.8876,2292.22383607,
1628831520000,2.8878,2.8863,2.8878,2.8848,1124.31251742,
1628831580000,2.8848,2.8848,2.8848,2.8848,298.37451799,
1628831640000,2.8854,2.8842,2.8854,2.8842,0.11008868,
1628831700000,2.8864,2.8864,2.8864,2.8864,11.33498,
1628833020000,2.8992,2.8992,2.8992,2.8992,591.90912737,
1628833260000,2.9032,2.9032,2.9032,2.9032,4.04231965,
1628833920000,2.9079,2.9079,2.9079,2.9079,4.02662496,
1628833980000,2.9009,2.898,2.9009,2.898,891.8154197299999,
1628834040000,2.8997,2.8997,2.8997,2.8997,0.04317324,
1628834100000,2.9029,2.9029,2.9029,2.9029,0.28788214,
1628834220000,2.9009,2.8988,2.9009,2.8988,20.23420813,
1628834340000,2.9015,2.9015,2.9015,2.9015,0.0831042799999999,
1628834520000,2.9011,2.9002,2.9011,2.9002,20.19201595,
1628834580000,2.896,2.893,2.8964,2.893,2894.78588651,
1628834640000,2.893,2.8917,2.893,2.8916,1705.99736954,
1628834760000,2.889,2.8915,2.8915,2.889,86.88526499999999,
1628834820000,2.8872,2.8872,2.8872,2.8872,164.71479999000002,
1628834880000,2.8886,2.8886,2.8886,2.8886,0.07664227,
1628834940000,2.8861,2.8871,2.8871,2.8861,173.36899998,
1628835000000,2.8901,2.8901,2.8901,2.8901,0.00355136,
1628835840000,2.9179,2.9179,2.9179,2.9179,4.01927085,
1628835960000,2.9145,2.9145,2.9145,2.9145,12.054603,
1628836020000,2.9122,2.9146,2.9146,2.9117,74.09904616,
1628836080000,2.9182,2.9182,2.9182,2.9182,0.17428701,
1628836200000,2.9161,2.9305,2.9305,2.9161,4.03382687,
1628836320000,2.917,2.9189,2.9189,2.9092,31.37865924,
1628836440000,2.9217,2.9217,2.9217,2.9217,0.40144906,
1628836920000,2.9484,2.9488,2.9488,2.9484,125.646451,
1628837040000,2.9532,2.9509,2.9554,2.9509,9341.26144286,
1628837100000,2.9523,2.9523,2.9523,2.9523,125.395158,
1628837580000,2.966,2.9674,2.9674,2.966,23.74546621,
1628837820000,2.973,2.9735,2.9739,2.973,1398.7918739000002,
1628838060000,2.9766,2.9766,2.9766,2.9766,3.92890158,
1628838120000,2.9751,2.9751,2.9751,2.9751,7.87417624,
1628838300000,2.9712,2.9728,2.9728,2.9712,62.1144358,
1628838660000,2.9861,2.9861,2.9861,2.9861,28.88026909,
1628838720000,2.9884,2.9884,2.9884,2.9884,471.11973091,
1628839320000,2.9915,2.9906,2.9915,2.9906,19.59132553,
1628839500000,2.9978,2.9984,2.9984,2.9978,11.54373911,
1628839680000,2.9969,2.9969,2.9969,2.9969,1.47684674,
1628839800000,3.0013,3.0013,3.0013,3.0013,0.00613461,
1628839920000,2.9982,2.9982,2.9982,2.9982,3.90881386,
1628839980000,2.9993,2.9963,2.9993,2.9963,6.19787239,
1628840040000,2.991,2.991,2.991,2.991,0.02043302,
1628840100000,2.9936,2.9936,2.9936,2.9936,0.24469304,
1628840160000,2.9926,2.9926,2.9926,2.9926,0.01106221,
1628840280000,2.9934,2.9934,2.9934,2.9934,0.00410219,
1628841060000,2.9949,2.9949,2.9949,2.9949,3.91693726,
1628841540000,2.9999,2.9999,2.9999,2.9999,3.90726953,
1628841660000,3.0059,3.0059,3.0059,3.0059,27.55,
1628841840000,3.0098,3.0086,3.0098,3.0086,23.38657059,
1628842200000,3.0024,3.0024,3.0024,3.0024,3.90516816,
1628842260000,3.0034,3.0003,3.0034,3.0003,7.84464533,
1628842320000,2.9959,2.9959,2.9959,2.9959,334.08799758,
1628842440000,2.9928,2.9928,2.9928,2.9928,0.14918557,
1628842560000,3.0004,3.0004,3.0004,3.0004,0.10537142,
1628842920000,2.9842,2.9803,2.9842,2.9803,23.59250297,
1628842980000,2.987,2.987,2.987,2.987,0.76765774,
1628843820000,3.0017,3.0056,3.0056,3.0017,2500.0,
1628843880000,3.0066,3.0066,3.0066,3.0066,0.63141176,
1628844000000,3.0116,3.0111,3.0116,3.0111,0.05808573,
1628844060000,3.0226,3.0226,3.0226,3.0226,33.55,
1628844180000,3.027,3.0285,3.0285,3.027,10.0,
1628844960000,3.0359,3.0396,3.0396,3.0359,500.0,
1628845020000,3.0399,3.0399,3.0399,3.0399,500.0,
1628845320000,3.0408,3.0408,3.0408,3.0408,3.85473059,
1628845500000,3.0417,3.0417,3.0417,3.0417,7.7140683,
1628845560000,3.0403,3.0403,3.0403,3.0403,0.00357599,
1628845740000,3.045,3.045,3.045,3.045,0.04613827,
1628845860000,3.0425,3.0414,3.0425,3.0414,15.43455496,
1628845920000,3.0416,3.04,3.0416,3.04,7.83771878,
1628845980000,3.0373,3.0379,3.0379,3.037,1411.73184507,
1628846040000,3.0381,3.0381,3.0381,3.0381,0.11544819,
1628846100000,3.0374,3.0341,3.0374,3.0341,69.74554443,
1628846220000,3.0355,3.0299,3.0374,3.0299,165.86801493,
1628846280000,3.0279,3.0255,3.0279,3.0255,19.48179544,
1628846340000,3.0241,3.0249,3.0249,3.0241,62.05321215,
1628846400000,3.0229,3.0225,3.0229,3.0214,73.7991598,
1628846460000,3.0262,3.0262,3.0262,3.0262,0.00643302,
1628846580000,3.0227,3.0221,3.0227,3.0221,11.65347501,
1628846640000,3.0234,3.0234,3.0234,3.0234,0.00160932,
1628846700000,3.0234,3.0234,3.0234,3.0234,0.09326763,
1628847120000,3.0274,3.0274,3.0274,3.0274,100.0,
1628847180000,3.0284,3.0284,3.0284,3.0284,0.13318665,
1628847540000,3.0331,3.0327,3.0331,3.0327,7.742376869999999,
1628847780000,3.0313,3.0313,3.0313,3.0313,7.74558424,
1628847840000,3.0324,3.0324,3.0324,3.0324,0.04641258,
1628847900000,3.0344,3.0344,3.0344,3.0344,0.00119884,
1628848440000,3.0378,3.0378,3.0378,3.0378,3.86156268,
1628848620000,3.0353,3.0353,3.0353,3.0353,7.72656376,
1628848680000,3.0334,3.0334,3.0334,3.0334,0.00996407,
1628848740000,3.0287,3.0308,3.0308,3.0287,4.17707954,
1628848800000,3.0406,3.0406,3.0406,3.0406,0.01797674,
1628849220000,3.0301,3.0301,3.0301,3.0301,3.8747626,
1628849280000,3.0258,3.0275,3.0275,3.0258,4.27102238,
1628849400000,3.0204,3.0204,3.0204,3.0204,0.08637705,
1628849520000,3.0112,3.0112,3.0112,3.0112,0.2366333,
1628849640000,3.0141,3.0125,3.0141,3.0125,0.33371496,
1628849760000,3.018,3.018,3.018,3.018,0.00647578,
1628849940000,3.0113,3.0113,3.0113,3.0113,3.89350849,
1628850060000,3.0227,3.0227,3.0227,3.0227,0.02709311,
1628850360000,3.0228,3.0228,3.0228,3.0228,3.88280044,
1628850900000,3.0256,3.0256,3.0256,3.0256,3.88352047,
1628851560000,3.0168,3.0168,3.0168,3.0168,3.89288356,
1628851620000,3.0172,3.0172,3.0172,3.0172,0.29382637,
1628851680000,3.0108,3.0128,3.0128,3.0108,7.84726374,
1628851740000,3.0183,3.0183,3.0183,3.0183,0.13412487,
1628851860000,3.0091,3.0109,3.0109,3.0082,19.63913565,
1628851920000,3.0079,3.0079,3.0079,3.0079,3.90370456,
1628851980000,3.0022,3.0022,3.0022,3.0022,11.70999777,
1628852040000,3.001,3.0018,3.0018,3.001,0.31325693,
1628853480000,3.0195,3.0185,3.0195,3.0185,1458.91294566,
1628854980000,3.0257,3.014,3.0257,3.014,31.03074707,
1628855040000,3.0075,3.0075,3.0075,3.0075,0.15074545,
1628855160000,3.0189,3.0189,3.0189,3.0189,0.00121902,
1628855940000,3.002,2.9988,3.002,2.9988,31.25090167,
1628856000000,3.007,3.007,3.007,3.007,0.08643072,
1628856120000,3.005,3.005,3.005,3.005,0.4396253,
1628856180000,3.0031,3.0031,3.0031,3.0031,0.00813409,
1628856240000,3.0014,3.0014,3.0014,3.0014,0.13162171,
1628856300000,3.0014,3.0014,3.0014,3.0014,0.0146687,
1628856360000,3.0001,3.0001,3.0001,3.0001,0.05748061,
1628856420000,3.0027,3.0027,3.0027,3.0027,0.00530568,
1628856480000,3.0034,3.0034,3.0034,3.0034,11.75448825,
1628857200000,2.997,2.9997,2.9997,2.997,3.94319875,
1628857260000,3.0007,3.0007,3.0007,3.0007,0.12516326,
1628859360000,3.0186,3.0186,3.0186,3.0186,11.70416463,
1628860080000,3.0144,3.0103,3.0144,3.0103,242.36342902,
1628860260000,3.0144,3.0144,3.0144,3.0144,0.27837414,
1628860320000,3.0169,3.0169,3.0169,3.0169,0.0169629,
1628862060000,3.0177,3.0141,3.0177,3.0141,7.80157615,
1628862120000,3.0135,3.0135,3.0135,3.0135,0.1051599,
1628862240000,3.0076,3.0085,3.0085,3.0076,0.02255968,
1628862300000,3.005,3.005,3.005,3.005,7.82100798,
1628862360000,3.005,3.005,3.005,3.005,0.03449535,
1628862420000,3.005,3.005,3.005,3.005,142.14449667,
1628862840000,3.0108,3.0108,3.0108,3.0108,3.90487413,
1628863020000,3.0047,3.0047,3.0047,3.0047,3.9084813,
1628863080000,3.0026,3.0005,3.0026,3.0005,100.0,
1628863140000,3.0063,3.0063,3.0063,3.0063,0.38937889,
1628865060000,2.9868,2.9868,2.9868,2.9868,3.93657064,
1628865120000,2.979,2.979,2.979,2.979,0.74166343,
1628865180000,2.9655,2.9582,2.9655,2.9582,3726.197779,
1628865240000,2.9652,2.9653,2.9653,2.9652,1.07613268,
1628865900000,2.9815,2.9858,2.9858,2.9815,124.0,
1628866440000,2.9771,2.9771,2.9771,2.9771,3.95724034,
1628866500000,2.978,2.978,2.978,2.978,0.3342534,
1628867040000,2.972,2.9714,2.972,2.9714,11.89386034,
1628867100000,2.9641,2.9625,2.9641,2.9625,0.25472339,
1628867160000,2.9561,2.9561,2.9561,2.9561,11.93897269,
1628867220000,2.9467,2.9465,2.9467,2.9465,12.62123869,
1628867340000,2.9468,2.9468,2.9468,2.9468,0.33590139,
1628867820000,2.9415,2.9352,2.9415,2.9352,12.02604157,
1628867880000,2.936,2.9361,2.9361,2.936,0.45759245,
1628868120000,2.9326,2.9347,2.9347,2.9326,62.01493832,
1628868180000,2.9343,2.9356,2.9356,2.9343,62.12388266,
1628869380000,2.9317,2.9317,2.9317,2.9317,4.02143248,
1628869500000,2.9347,2.9363,2.9363,2.9347,0.27010526,
1628869920000,2.9388,2.9389,2.9389,2.9388,588.3629000000001,
1628869980000,2.9464,2.9464,2.9464,2.9464,4.00490396,
1628871360000,2.963,2.963,2.963,2.963,3.96738046,
1628871420000,2.9584,2.9584,2.9584,2.9584,7.95820545,
1628871540000,2.9605,2.9605,2.9605,2.9605,0.15993202,
1628873940000,3.0105,3.0123,3.0123,3.0105,1123.90220365,
1628874060000,3.0094,3.0093,3.0115,3.0093,2163.98830188,
1628874120000,3.022,3.022,3.022,3.022,0.1008611,
1628874180000,3.0078,3.0078,3.0078,3.0078,5.502881,
1628874240000,3.0154,3.0154,3.0154,3.0154,0.05050599,
1628874300000,3.0114,3.0114,3.0114,3.0114,0.02661717,
1628874420000,3.0045,3.0045,3.0045,3.0045,0.0161884,
1628874480000,3.0037,3.0037,3.0037,3.0037,0.23242057,
1628874540000,3.0057,3.0036,3.0068,3.0036,18.06354766,
1628874660000,2.9998,2.9996,2.9998,2.9996,0.05891505,
1628874780000,2.9986,2.998,2.9986,2.998,0.14020975,
1628874900000,2.9969,2.9971,2.9971,2.9969,0.06117603,
1628875020000,2.9896,2.9896,2.9896,2.9896,0.03052642,
1628875080000,2.9907,2.9893,2.9907,2.9893,0.24754955,
1628875200000,2.9869,2.9869,2.9869,2.9869,0.05348061,
1628875380000,2.9781,2.9781,2.9781,2.9781,0.09179769,
1628875500000,2.9813,2.9816,2.9816,2.9813,0.33785739,
1628878620000,2.9781,2.9781,2.9781,2.9781,300.0,
1628878680000,2.9748,2.9746,2.9748,2.9746,0.13461396,
1628878800000,2.9714,2.9714,2.9714,2.9714,0.13493075,
1628878920000,2.9735,2.9735,2.9735,2.9735,0.11033833,
1628878980000,2.9724,2.9724,2.9724,2.9724,0.01330508,
1628885460000,2.9967,2.997,2.997,2.9967,53.9347,
1628885820000,3.0249,3.0264,3.0264,3.0249,35.09977457,
1628886960000,3.0247,3.0248,3.0248,3.0247,3.955564,
1628887080000,3.024,3.0272,3.0272,3.024,0.05969085,
1628889180000,3.0516,3.0516,3.0516,3.0516,1.36300835,
1628889300000,3.0426,3.0426,3.0426,3.0426,7.74987155,
1628889420000,3.0367,3.0367,3.0367,3.0367,0.53387545,
1628889540000,3.0386,3.0356,3.0386,3.0356,0.08548317,
1628889720000,3.0407,3.0407,3.0407,3.0407,0.1004638,
1628889780000,3.0357,3.0357,3.0357,3.0357,0.0203053,
1628889900000,3.0389,3.0389,3.0389,3.0389,0.0199065,
1628896560000,3.0525,3.0525,3.0525,3.0525,3.86443703,
1628896980000,3.0584,3.0584,3.0584,3.0584,11.54936028,
1628898720000,3.0651,3.0672,3.0672,3.0651,1081.45466721,
1628901540000,3.0548,3.0548,3.0548,3.0548,100.0,
1628901600000,3.0558,3.0516,3.0558,3.0516,0.45349152,
1628901720000,3.042,3.0348,3.042,3.0348,0.16059145,
1628901840000,3.0371,3.0371,3.0371,3.0371,0.56034825,
1628902080000,3.0267,3.0338,3.0338,3.0267,61.34947112,
1628902140000,3.0401,3.0401,3.0401,3.0401,0.01316211,
1628902260000,3.0368,3.0368,3.0368,3.0368,0.02510286,
1628902320000,3.0428,3.0428,3.0428,3.0428,0.11041201,
1628903820000,3.08,3.08,3.08,3.08,3.82923583,
1628903940000,3.0692,3.0692,3.0692,3.0692,0.14587342,
1628904060000,3.074,3.0698,3.074,3.0698,0.37619129,
1628906760000,3.0548,3.0575,3.0575,3.0548,61.05878354,
1628906880000,3.0549,3.0549,3.0549,3.0549,0.40479486,
1628907000000,3.0552,3.0552,3.0552,3.0552,0.08598373,
1628907060000,3.046,3.046,3.046,3.046,0.00157505,
1628907120000,3.0512,3.0512,3.0512,3.0512,0.29544016,
1628913180000,3.0512,3.0527,3.0527,3.0512,23.19157064,
1628916000000,3.0495,3.0526,3.0526,3.0495,49.91263266,
1628916060000,3.0513,3.0513,3.0513,3.0513,0.00331476,
1628916180000,3.0528,3.0528,3.0528,3.0528,0.04311169,
1628916240000,3.0472,3.0472,3.0472,3.0472,0.00591787,
1628916300000,3.0534,3.0534,3.0534,3.0534,0.13620856,
1628921340000,3.0641,3.0641,3.0641,3.0641,3.84594599,
1628926260000,3.0855,3.0865,3.0865,3.0855,1000.0,
1628926440000,3.0834,3.0842,3.0842,3.0834,2.34926079,
1628926560000,3.0815,3.0815,3.0815,3.0815,0.07463206,
1628926620000,3.0824,3.0824,3.0824,3.0824,0.00734884,
1628926680000,3.0833,3.0833,3.0833,3.0833,0.05848539,
1628929020000,3.0663,3.0663,3.0663,3.0663,3.84520041,
1628929200000,3.081,3.0824,3.0824,3.081,0.6215052400000001,
1628929260000,3.0855,3.0855,3.0855,3.0855,811.47,
1628929560000,3.0894,3.0894,3.0894,3.0894,312.83510187,
1628931120000,3.0714,3.0731,3.0731,3.0714,1848.076774,
1628931240000,3.067,3.0694,3.0694,3.067,16.76420788,
1628931300000,3.0704,3.0704,3.0704,3.0704,0.65149155,
1628931360000,3.0743,3.0743,3.0743,3.0743,0.01051597,
1628931660000,3.073,3.0761,3.0761,3.073,0.0576889,
1628931780000,3.0726,3.0773,3.0773,3.0726,0.02008065,
1628932080000,3.0793,3.0793,3.0793,3.0793,1.36336789,
1628932140000,3.0791,3.0791,3.0791,3.0791,0.00775649,
1628932260000,3.0927,3.0936,3.0936,3.0927,828.000574,
1628933820000,3.0983,3.104,3.104,3.0983,134.30042596,
1628934600000,3.0686,3.0661,3.0686,3.0661,299.23371675,
1628934660000,3.0518,3.047,3.0518,3.047,1.87086018,
1628934720000,3.0403,3.0252,3.0403,3.0252,6354.31439941,
1628934780000,3.0298,3.0391,3.0391,3.0241,2344.28268318,
1628934900000,3.0256,3.0256,3.0256,3.0256,11.61277709,
1628934960000,3.0097,3.0097,3.0097,3.0097,1.008,
1628935020000,3.0161,3.0167,3.0167,3.0161,0.66479687,
1628935140000,2.9676,2.977,2.977,2.9676,814.11092512,
1628935200000,2.9876,2.9845,2.9876,2.9845,62.14264465,
1628935260000,2.995,3.0052,3.0056,2.995,88.61489238,
1628935440000,2.9971,3.015,3.015,2.9971,0.30153491,
1628935560000,2.9985,2.9985,2.9985,2.9985,7.84542861,
1628935680000,2.996,2.996,2.996,2.996,0.06707333,
1628935740000,2.9748,2.972,2.9748,2.972,7.915232039999999,
1628935860000,2.9884,2.9884,2.9884,2.9884,0.95185474,
1628935920000,2.9811,2.9811,2.9811,2.9811,0.08202233,
1628935980000,2.9756,2.9755,2.9756,2.9755,290.35860733,
1628936100000,2.9707,2.9707,2.9707,2.9707,0.19505861,
1628936220000,2.9771,2.967,2.9771,2.967,0.0757622,
1628936340000,2.9718,2.9718,2.9718,2.9718,0.35328403,
1628936820000,2.9788,2.9788,2.9788,2.9788,3.95942068,
1628936880000,2.9827,2.9723,2.9827,2.9723,1568.48325992,
1628937000000,2.9742,2.9767,2.9767,2.9653,12.19855006,
1628937240000,2.9726,2.9765,2.9801,2.9726,71.58064683,
1628937360000,2.9857,2.9857,2.9857,2.9857,0.01491499,
1628937840000,2.9792,2.9792,2.9792,2.9792,3.95492929,
1628937900000,2.9806,2.9806,2.9806,2.9806,0.22577775,
1628938140000,2.9678,2.9678,2.9678,2.9678,3.96124861,
1628938200000,2.9689,2.9586,2.9689,2.9586,8.44732963,
1628938320000,2.9536,2.9546,2.9546,2.9536,0.36223384,
1628938380000,2.9514,2.9514,2.9514,2.9514,0.14138022,
1628938440000,2.9449,2.9472,2.9472,2.9449,250.0577858,
1628938500000,2.941,2.941,2.941,2.941,0.26256511,
1628938560000,2.9499,2.9499,2.9499,2.9499,0.01654841,
1628938860000,2.9409,2.9409,2.9409,2.9409,61.0,
1628938920000,2.9286,2.9281,2.9286,2.9281,12.04721784,
1628938980000,2.94,2.947,2.947,2.94,61.35269083,
1628939640000,2.9672,2.9593,2.9678,2.9593,210.12180352,
1628941200000,2.9566,2.9566,2.9566,2.9566,566.507701,
1628941320000,2.9581,2.9574,2.9581,2.9574,0.10668522,
1628941620000,2.9664,2.9664,2.9664,2.9664,3.97188409,
1628941680000,2.9682,2.9682,2.9682,2.9682,0.31696867,
1628941860000,2.9663,2.9663,2.9663,2.9663,0.00751289,
1628941980000,2.9731,2.9731,2.9731,2.9731,0.06667438,
1628942040000,2.9789,2.9789,2.9789,2.9789,7.91291567,
1628942100000,2.9772,2.9772,2.9772,2.9772,0.05240309,
1628942220000,2.9904,2.9864,2.9904,2.9864,0.10666689,
1628942640000,2.9905,2.9861,2.9905,2.9861,31.50029944,
1628942700000,2.9829,2.9814,2.9829,2.9814,0.02483305,
1628942820000,2.9829,2.9829,2.9829,2.9829,0.16311236,
1628942940000,2.9781,2.9781,2.9781,2.9781,0.00619855,
1628943060000,2.9867,2.9899,2.9899,2.9867,0.18680364,
1628943660000,2.965,2.9641,2.965,2.9641,19.83559647,
1628943720000,2.9667,2.9667,2.9667,2.9667,1.00645017,
1628943840000,2.9567,2.9567,2.9567,2.9567,0.01086587,
1628943960000,2.9657,2.966,2.966,2.9657,0.3564121,
1628944080000,2.9628,2.9628,2.9628,2.9628,0.00125338,
1628944140000,2.9563,2.9563,2.9563,2.9563,61.0,
1628944260000,2.9662,2.9662,2.9662,2.9662,0.38244957,
1628944380000,2.9621,2.9621,2.9621,2.9621,0.04149002,
1628944500000,2.9684,2.9665,2.9684,2.9665,0.16132653,
1628945460000,2.9539,2.9539,2.9539,2.9539,44.822792,
1628945580000,2.9513,2.9513,2.9513,2.9513,0.49710999,
1628945700000,2.9514,2.9514,2.9514,2.9514,0.09214628,
1628946000000,2.954,2.954,2.954,2.954,3.9870952,
1628946120000,2.9567,2.9567,2.9567,2.9567,0.01138145,
1628946360000,2.9456,2.9456,2.9456,2.9456,7.98929191,
1628946480000,2.9349,2.9363,2.9384,2.9349,8.761584339999999,
1628946600000,2.9413,2.9413,2.9413,2.9413,0.00597023,
1628946660000,2.9462,2.9462,2.9462,2.9462,0.07520064,
1628946780000,2.9484,2.9484,2.9484,2.9484,0.04205619,
1628946900000,2.9504,2.9504,2.9504,2.9504,0.00930747,
1628946960000,2.9575,2.9575,2.9575,2.9575,3.98630381,
1628948160000,2.9616,2.9616,2.9616,2.9616,3.97350745,
1628948220000,2.9565,2.9565,2.9565,2.9565,0.01720244,
1628948340000,2.9588,2.9588,2.9588,2.9588,0.1917043,
1628953020000,3.0062,3.0052,3.0062,3.0052,4.11303818,
1628953140000,3.0129,3.0129,3.0129,3.0129,0.0341997,
1628955180000,3.0292,3.0242,3.0292,3.0242,24.8372182,
1628955240000,3.0089,3.0089,3.0089,3.0089,11.72783033,
1628955360000,3.0111,3.0111,3.0111,3.0111,0.51950146,
1628955420000,3.0142,3.0142,3.0142,3.0142,0.00892375,
1628955600000,3.0202,3.0202,3.0202,3.0202,0.01255225,
1628956440000,3.0363,3.0363,3.0363,3.0363,3.88187029,
1628956860000,3.0272,3.0272,3.0272,3.0272,3.88727389,
1628956980000,3.0336,3.0336,3.0336,3.0336,0.30589276,
1628958120000,3.0234,3.0252,3.0252,3.0234,100.0,
1628958240000,3.0246,3.0246,3.0246,3.0246,0.31643824,
1628958360000,3.0301,3.0301,3.0301,3.0301,0.02026016,
1628958420000,3.0236,3.0236,3.0236,3.0236,0.02205439,
1628958540000,3.0293,3.0284,3.0293,3.0284,0.0369877299999999,
1628958660000,3.027,3.027,3.027,3.027,0.00360533,
1628958780000,3.0241,3.0296,3.0296,3.0241,0.06444135,
1628958900000,3.0219,3.0197,3.0219,3.0197,0.10965868,
1628959020000,3.0224,3.0224,3.0224,3.0224,0.33434875,
1628959620000,3.0264,3.0264,3.0264,3.0264,3.88956641,
1628959680000,3.0175,3.0183,3.0183,3.0166,19.51881267,
1628959800000,3.0217,3.0217,3.0217,3.0217,0.27397434,
1628959860000,3.0174,3.0174,3.0174,3.0174,0.02056167,
1628959920000,3.0259,3.0259,3.0259,3.0259,0.03053239,
1628960580000,3.0173,3.0158,3.0173,3.0158,23.3900731,
1628960640000,3.0187,3.0153,3.0187,3.0153,0.3826364499999999,
1628960760000,3.0191,3.0191,3.0191,3.0191,0.00202067,
1628961660000,3.0079,3.0042,3.0079,3.0042,1576.09174625,
1628961780000,3.0073,3.0073,3.0073,3.0073,0.50756718,
1628961960000,3.0103,3.0103,3.0103,3.0103,3.91445977,
1628962080000,3.0124,3.0124,3.0124,3.0124,0.01217845,
1628962200000,3.0127,3.0127,3.0127,3.0127,0.00851048,
1628964300000,3.0041,3.0041,3.0041,3.0041,3.92064391,
1628964420000,3.0036,3.0005,3.0036,3.0005,4.2562965,
1628964540000,2.9999,2.9999,2.9999,2.9999,0.16112028,
1628965140000,2.9814,2.9814,2.9814,2.9814,3.94962473,
1628965260000,2.9889,2.9889,2.9889,2.9889,0.63908454,
1628966760000,2.9999,2.9999,2.9999,2.9999,61.0,
1628969520000,3.0063,3.0068,3.0068,3.0063,10.02607944,
1628969820000,3.0199,3.0205,3.0205,3.0199,4.415147,
1628970180000,3.0364,3.0364,3.0364,3.0364,3.87801376,
1628970300000,3.0304,3.0375,3.0375,3.0215,73.16171503,
1628970480000,3.0179,3.0179,3.0179,3.0179,7.80418302,
1628970600000,3.0244,3.0244,3.0244,3.0244,0.71302022,
1628972100000,2.9748,2.9839,2.9839,2.9706,1374.20815524,
1628972160000,2.9874,2.9874,2.9874,2.9874,1.38658065,
1628972220000,2.9767,2.9767,2.9767,2.9767,0.06957113,
1628972280000,2.9826,2.9798,2.9826,2.9798,61.2504533,
1628972340000,2.9792,2.9792,2.9792,2.9792,61.0,
1628973420000,2.9774,2.9808,2.9808,2.9774,145.73740626,
1628974620000,2.987,2.9859,2.987,2.9859,11.976,
1628974680000,2.9898,2.9898,2.9898,2.9898,0.02105811,
1628974800000,2.9928,2.9928,2.9928,2.9928,0.01605479,
1628976420000,3.0102,3.0102,3.0102,3.0102,61.0,
1628976540000,3.0158,3.0158,3.0158,3.0158,0.0709796,
1628976660000,3.0193,3.0193,3.0193,3.0193,0.02266979,
1628976960000,3.0229,3.0229,3.0229,3.0229,3.90168451,
1628977020000,3.0173,3.0173,3.0173,3.0173,0.01449539,
1628977140000,3.0174,3.0174,3.0174,3.0174,0.06782953,
1628977860000,3.0131,3.0155,3.0155,3.0123,190.95259106,
1628977920000,3.0178,3.0178,3.0178,3.0178,0.00767395,
1628979000000,3.0151,3.0151,3.0151,3.0151,11.72158224,
1628979060000,3.0145,3.0124,3.0145,3.0124,0.10258732,
1628979180000,3.0115,3.0106,3.0115,3.0106,0.10641711,
1628979300000,3.0131,3.0131,3.0131,3.0131,0.06132258,
1628985000000,3.0473,3.0473,3.0473,3.0473,3.86911686,
1628986560000,3.0411,3.037,3.0411,3.037,1177.15876516,
1628986680000,3.0363,3.0363,3.0363,3.0363,0.08240256,
1628986800000,3.0353,3.0353,3.0353,3.0353,0.00278975,
1628986860000,3.0348,3.0348,3.0348,3.0348,0.02345429,
1628986980000,3.0256,3.0256,3.0256,3.0256,0.05029561,
1628987100000,3.0331,3.0337,3.0337,3.0331,0.34639238,
1628987520000,3.0242,3.0199,3.0242,3.0199,11.69121446,
1628987580000,3.017,3.017,3.017,3.017,0.05535683,
1628987640000,3.0065,3.0065,3.0065,3.0065,7.81998363,
1628987700000,3.0088,3.0088,3.0088,3.0088,0.45599978,
1628987880000,3.0175,3.0175,3.0175,3.0175,3.90735422,
1628989440000,3.0375,3.0375,3.0375,3.0375,3.69375,
1628993880000,3.058,3.0602,3.0602,3.058,23.0976151,
1628993940000,3.0677,3.0677,3.0677,3.0677,0.75452453,
1628994120000,3.0731,3.0731,3.0731,3.0731,0.02935999,
1628994240000,3.0796,3.0796,3.0796,3.0796,0.02105046,
1628994360000,3.0845,3.0811,3.0845,3.0811,3.85136481,
1628994480000,3.0694,3.0694,3.0694,3.0694,0.00580963,
1628994600000,3.0682,3.0682,3.0682,3.0682,0.42770927,
1628994720000,3.059,3.0586,3.059,3.0586,1.4905235899999998,
1628994900000,3.0595,3.0595,3.0595,3.0595,0.32060654,
1628995440000,3.0588,3.0607,3.0607,3.0588,84.13456354,
1629000900000,3.0068,3.0068,3.0068,3.0068,3.92173068,
1629001020000,3.0053,3.0053,3.0053,3.0053,1.83557002,
1629001080000,3.0066,3.0071,3.0071,3.0066,625.2765,
1629001140000,3.0172,3.0172,3.0172,3.0172,0.00731972,
1629001260000,3.0201,3.0201,3.0201,3.0201,0.04090974,
1629001380000,3.0242,3.0242,3.0242,3.0242,0.0116958,
1629001500000,3.0266,3.0266,3.0266,3.0266,0.01649716,
1629001680000,3.0285,3.0285,3.0285,3.0285,0.00963614,
1629002700000,3.0308,3.0308,3.0308,3.0308,3.88537094,
1629002820000,3.0245,3.0245,3.0245,3.0245,0.00920874,
1629002940000,3.0295,3.0295,3.0295,3.0295,0.21539577,
1629003060000,3.0252,3.0252,3.0252,3.0252,0.02005408,
1629003180000,3.0249,3.0249,3.0249,3.0249,0.14704522,
1629003300000,3.0251,3.0251,3.0251,3.0251,0.01027457,
1629005160000,3.0285,3.0285,3.0285,3.0285,3.89091882,
1629005220000,3.0256,3.0256,3.0256,3.0256,0.11631055,
1629005280000,3.0251,3.0251,3.0251,3.0251,0.0144418,
1629005400000,3.0315,3.0315,3.0315,3.0315,0.01363857,
1629007740000,3.0238,3.0281,3.0281,3.0238,1530.74246164,
1629009240000,2.9964,2.9964,2.9964,2.9964,162.55385622,
1629010020000,3.0,3.0,3.0,3.0,150.0,
1629010140000,2.9975,2.9975,2.9975,2.9975,0.01471766,
1629010260000,2.9917,2.9917,2.9917,2.9917,0.08712987,
1629010380000,2.9939,2.9944,2.9944,2.9939,0.14949149,
1629010620000,2.9848,2.9848,2.9848,2.9848,3.94380556,
1629010680000,2.9892,2.9892,2.9892,2.9892,0.33663067,
1629010740000,2.985,2.985,2.985,2.985,0.01812341,
1629011220000,2.9819,2.9787,2.9819,2.9766,307.47413815000004,
1629011280000,2.982,2.982,2.982,2.982,0.22206338,
1629011460000,2.9753,2.9753,2.9753,2.9753,0.11643593,
1629011520000,2.9762,2.9762,2.9762,2.9762,24.62,
1629011580000,2.9748,2.9748,2.9748,2.9748,0.20481688,
1629011640000,2.972,2.972,2.972,2.972,0.00581119,
1629011760000,2.9792,2.9792,2.9792,2.9792,0.01163882,
1629011820000,2.9749,2.9749,2.9749,2.9749,0.25485405,
1629011940000,2.981,2.981,2.981,2.981,0.15205613,
1629012540000,2.9845,2.9843,2.9845,2.9843,15.0,
1629013260000,2.9587,2.9625,2.9625,2.955,1024.84590015,
1629013320000,2.9625,2.9625,2.9625,2.9625,0.09061769,
1629013680000,2.938,2.938,2.938,2.938,33.67,
1629013740000,2.936,2.936,2.936,2.936,24.78,
1629013800000,2.9299,2.9375,2.9375,2.9299,1203.0621458,
1629014040000,2.9395,2.9375,2.9395,2.9375,1977.00764053,
1629015360000,2.951,2.951,2.951,2.951,3.98937168,
1629016200000,2.9464,2.94,2.9464,2.94,60.0,
1629016260000,2.9522,2.9548,2.9548,2.9522,0.43857406,
1629016320000,2.9496,2.9496,2.9496,2.9496,10.0,
1629017280000,2.9472,2.9472,2.9472,2.9472,3.99762535,
1629017400000,2.9462,2.9462,2.9462,2.9462,0.0853544,
1629017520000,2.9453,2.9453,2.9453,2.9453,0.00423239,
1629017640000,2.9521,2.9521,2.9521,2.9521,0.03206551,
1629017760000,2.9404,2.9404,2.9404,2.9404,0.02874125,
